tag,seed,win_pre,win_post,hos,jitter,salinan,threshold,n_train,menit,anot_accuracy,anot_precision,anot_recall,anot_specificity,anot_f1,anot_auc,anot_recall_S,anot_recall_V,anot_recall_F,jit_accuracy,jit_precision,jit_recall,jit_specificity,jit_f1,jit_auc,jit_recall_S,jit_recall_V,jit_recall_F
bersih,42,90,160,0,none,0,0.400000,40617,0.700000,0.891489,0.504484,0.640000,0.922496,0.564219,0.887950,0.238017,0.908667,0.311856,0.890865,0.502219,0.643914,0.921312,0.564307,0.884993,0.244372,0.910738,0.317010
jitter,42,90,160,0,empiris,2,0.750000,121851,1.700000,0.900209,0.537597,0.649358,0.931137,0.588216,0.892191,0.294662,0.911153,0.162371,0.891556,0.504579,0.660428,0.920052,0.572079,0.887581,0.320080,0.911153,0.195017
w128,42,128,127,0,empiris,2,0.850000,121857,2.000000,0.926816,0.667466,0.664037,0.959214,0.665747,0.933701,0.325708,0.923268,0.115979,0.921500,0.634308,0.672477,0.952201,0.652831,0.929726,0.354575,0.918608,0.136598
w112,42,112,144,0,empiris,2,0.550000,121852,1.500000,0.895336,0.517814,0.674679,0.922541,0.585929,0.910427,0.349129,0.931656,0.082474,0.884072,0.480231,0.682691,0.908900,0.563837,0.904279,0.379630,0.929171,0.071306
hos,42,90,160,1,empiris,2,0.700000,121851,1.800000,0.877895,0.462508,0.693761,0.900597,0.555009,0.901609,0.496732,0.879776,0.085052,0.870913,0.446060,0.728073,0.888524,0.553198,0.899423,0.592593,0.881744,0.097079
bersih,7,90,160,0,none,0,0.500000,40617,0.800000,0.875277,0.454767,0.685321,0.898697,0.546732,0.905629,0.325163,0.936005,0.311856,0.838952,0.377521,0.720122,0.853603,0.495353,0.887609,0.409405,0.941493,0.356529
jitter,7,90,160,0,empiris,2,0.600000,121851,1.500000,0.930499,0.694720,0.654312,0.964551,0.673911,0.924695,0.273420,0.931034,0.164948,0.919295,0.625158,0.661101,0.951128,0.642626,0.911717,0.295933,0.929274,0.167526
w128,7,128,127,0,empiris,2,0.550000,121857,1.300000,0.921580,0.610511,0.788624,0.937972,0.688231,0.943092,0.669390,0.936005,0.134021,0.921910,0.610370,0.797798,0.937211,0.691607,0.943717,0.690087,0.936833,0.158076
w112,7,112,144,0,empiris,2,0.550000,121853,1.300000,0.869356,0.440871,0.709358,0.889082,0.543779,0.916386,0.440087,0.924200,0.203608,0.856065,0.411689,0.725688,0.872139,0.525342,0.910517,0.473675,0.928031,0.242268
hos,7,90,160,1,empiris,2,0.550000,121851,1.300000,0.919845,0.636212,0.629908,0.955592,0.633044,0.845127,0.226580,0.903075,0.270619,0.915851,0.612717,0.634190,0.950578,0.623268,0.844433,0.238017,0.903179,0.275773
bersih,13,90,160,0,none,0,0.400000,40617,0.600000,0.897088,0.524538,0.666789,0.925482,0.587171,0.867335,0.241830,0.953091,0.301546,0.886159,0.486691,0.679755,0.911607,0.567244,0.870587,0.272876,0.955266,0.318729
jitter,13,90,160,0,empiris,2,0.800000,121851,1.400000,0.922181,0.646689,0.641468,0.956791,0.644068,0.908172,0.245643,0.922336,0.180412,0.917348,0.618402,0.644954,0.950932,0.631399,0.905038,0.259259,0.918091,0.200172
w128,13,128,127,0,empiris,2,0.550000,121857,1.200000,0.921681,0.617421,0.753028,0.942474,0.678515,0.941384,0.466231,0.967071,0.337629,0.912351,0.576026,0.762997,0.930764,0.656458,0.939622,0.488925,0.968520,0.358247
w112,13,112,144,0,empiris,2,0.850000,121853,1.400000,0.903814,0.550510,0.673945,0.932155,0.606006,0.893742,0.318083,0.942839,0.128866,0.898478,0.529510,0.673333,0.926236,0.592822,0.889169,0.320806,0.937040,0.155498
hos,13,90,160,1,empiris,2,0.700000,121851,1.300000,0.924578,0.655993,0.657798,0.957470,0.656894,0.917725,0.213508,0.955887,0.286082,0.922913,0.645034,0.661957,0.955087,0.653384,0.916762,0.225490,0.955783,0.288660
w128b,42,128,128,0,empiris,2,0.750000,121857,1.100000,0.924440,0.644192,0.695963,0.952608,0.669077,0.937451,0.358388,0.951848,0.172680,0.920372,0.620791,0.705382,0.946877,0.660385,0.934971,0.386892,0.949156,0.192440
w128s3,42,128,127,0,empiris,3,0.450000,162477,1.900000,0.912176,0.583092,0.701101,0.938198,0.636674,0.921089,0.360566,0.960857,0.154639,0.897616,0.524822,0.710092,0.920735,0.603558,0.913355,0.379811,0.961272,0.186426
w128b,7,128,128,0,empiris,2,0.500000,121857,1.200000,0.936986,0.692870,0.764954,0.958196,0.727130,0.945837,0.609477,0.936937,0.074742,0.929568,0.655373,0.755719,0.951002,0.701969,0.943101,0.578250,0.937869,0.085052
w128s3,7,128,127,0,empiris,3,0.900000,162476,1.400000,0.910021,0.591982,0.579817,0.950731,0.585836,0.895103,0.288126,0.814849,0.012887,0.903282,0.556938,0.580917,0.943025,0.568674,0.887514,0.285585,0.816299,0.025773
w128b,13,128,128,0,empiris,2,0.650000,121857,1.100000,0.929555,0.681413,0.672661,0.961227,0.677008,0.928531,0.298475,0.942218,0.208763,0.924587,0.651003,0.674495,0.955420,0.662539,0.928633,0.303377,0.939112,0.237113
w128s3,13,128,127,0,empiris,3,0.550000,162477,1.500000,0.894414,0.513100,0.743853,0.912976,0.607295,0.927635,0.493464,0.952470,0.201031,0.897341,0.522414,0.753517,0.915072,0.617035,0.929210,0.517974,0.952056,0.224227
fb_multi,42,128,128,0,empiris,2,0.350000,396144,5.400000,0.914270,0.588593,0.727156,0.937339,0.650579,0.901026,0.400327,0.983846,0.141753,0.902663,0.541566,0.737125,0.923072,0.624391,0.898204,0.418482,0.982603,0.206186
fb_multi,7,128,128,0,empiris,2,0.200000,396144,4.500000,0.897011,0.521915,0.734128,0.917093,0.610095,0.904385,0.382353,0.990059,0.273196,0.895648,0.517105,0.744709,0.914257,0.610376,0.902380,0.405047,0.989438,0.319588
fb_multi,13,128,128,0,empiris,2,0.450000,396144,5.800000,0.921419,0.624919,0.710459,0.947428,0.664949,0.922260,0.432462,0.947189,0.059278,0.912397,0.581534,0.719817,0.936139,0.643327,0.921763,0.455519,0.945842,0.091924
fb_svdb,42,128,128,0,empiris,2,0.500000,261547,4.100000,0.923373,0.629182,0.735046,0.946591,0.678006,0.937866,0.428105,0.982293,0.134021,0.910544,0.570532,0.748135,0.930567,0.647371,0.933566,0.453704,0.980532,0.212199
fb_svdb,7,128,128,0,empiris,2,0.300000,261547,5.000000,0.901039,0.535695,0.737982,0.921142,0.620775,0.910899,0.488562,0.960547,0.069588,0.891580,0.504151,0.742202,0.909996,0.600436,0.905473,0.496732,0.959097,0.102234
fb_svdb,13,128,128,0,empiris,2,0.400000,261547,5.000000,0.868415,0.445175,0.807523,0.875922,0.573944,0.945471,0.577342,0.989748,0.384021,0.872522,0.454659,0.809480,0.880294,0.582272,0.943412,0.571895,0.990059,0.434708
fb_incartdb,42,128,128,0,empiris,2,0.350000,256454,5.800000,0.897877,0.525772,0.709358,0.921119,0.603921,0.864540,0.351852,0.979497,0.157216,0.896957,0.522305,0.716147,0.919249,0.604056,0.865439,0.371278,0.977633,0.176117
fb_incartdb,7,128,128,0,empiris,2,0.500000,256454,3.700000,0.915660,0.598532,0.703303,0.941840,0.646702,0.932589,0.338235,0.970177,0.219072,0.911303,0.578663,0.705749,0.936645,0.635915,0.922990,0.348221,0.966346,0.237973
fb_incartdb,13,128,128,0,empiris,2,0.600000,256454,10.100000,0.907806,0.565762,0.688257,0.934873,0.621026,0.867247,0.303377,0.969556,0.175258,0.911900,0.583345,0.690520,0.939193,0.632423,0.872836,0.309187,0.969038,0.183849
